"Title","Topic","Article_Summary"
The Microcosm of Gut Flora","Microbiology","Gut flora, or gut microbiota, constitutes a complex community of microorganisms residing in our digestive tracts. Comprising mainly bacteria, their balance significantly influences our health, affecting digestion, immunity, and even mental well-being."
"Sourdough: The Magic of Microorganisms","Cooking","Sourdough bread is renowned for its unique taste and texture, owed to its special ingredient - a live fermented culture of flour and water, teeming with natural yeasts and beneficial bacteria."
"Fermented Foods and Gut Health","Health","Fermented foods like kimchi, yogurt, and kombucha can enhance gut health. They contain probiotics, which are beneficial bacteria that promote a healthy gut microbiome, aiding digestion and boosting immune function."
"The Future of AI in Medicine","Artificial Intelligence","AI is transforming medicine, assisting in diagnostic imaging, predicting patient outcomes, and personalizing treatments. As machine learning algorithms continue to evolve, their potential to improve healthcare is enormous."
"Robots in the Kitchen: AI and Cooking","Cooking","Innovations in AI are expanding into our kitchens, with intelligent cooking appliances designed to simplify meal preparation. From recipe suggestions to precise cooking controls, AI is revolutionizing the culinary landscape."
"AI and Gut Microbiome Analysis","Microbiology","With AI, researchers can analyze the complex ecosystem of the gut microbiome, identifying patterns and links to diseases. This technological advancement can revolutionize our understanding of human health."
"Maintaining a Healthy Gut Microbiome","Health","A healthy diet, rich in fiber and fermented foods, supports a balanced gut microbiome. Regular exercise, good sleep, and managing stress also contribute to optimal gut health."
"AI in Personalized Fitness Programs","Artificial Intelligence","AI-based fitness apps provide personalized workout routines based on individual health profiles and goals. They track progress, offer real-time feedback, and adapt routines, revolutionizing personal fitness training."
"Exercise: A Key to Healthy Microbiome","Microbiology","Exercise can enrich gut microbiota diversity, enhancing overall health. Regular physical activity, along with a balanced diet, fosters a healthy microbiome, contributing to improved metabolic and immune function."
"Quick and Healthy Cooking Tips","Cooking","To prepare healthy meals quickly, pre-plan and batch cook. Use whole ingredients, minimize processed foods, and diversify your diet. Remember, good cooking doesn't need to be complicated."
"Probiotics: Miracle or Myth?","Health","Probiotics can contribute to gut health, but they're not a one-size-fits-all solution. Their benefits can vary greatly between individuals. Always consult a healthcare professional before starting a probiotics regimen."
"Artificial Intelligence: The Job Creator","Artificial Intelligence","While AI is perceived as a job threat, it also creates new roles. Jobs in AI development, data analysis, and AI ethics have emerged, requiring a new generation of tech-savvy professionals."
"The Essence of Mise en Place","Cooking","Mise en Place, a French term meaning 'everything in its place', is a cooking practice that emphasizes pre-preparation and organization. It reduces cooking stress and improves efficiency in the kitchen."
"Exercise for Mental Well-being","Health","Exercise isn't just for physical health. Regular physical activity can significantly improve mental health, reducing symptoms of depression and anxiety, and enhancing overall mood and cognitive function."
"The Rise of AI Ethics","Artificial Intelligence","With AI's growing influence, ethical considerations have become paramount. Issues like privacy, decision transparency, and bias in AI need comprehensive guidelines to ensure the technology is used responsibly."
"Culinary Trends: Fermentation","Cooking","Fermentation, an age-old culinary process, is making a comeback. It enhances food's nutritional value, adds unique flavors, and promotes gut health, making fermented foods a popular trend."
"Gut Health and Mental Health: The Connection","Microbiology","The gut-brain axis, a communication network between our gut microbiome and brain, plays a role in mental health. Imbalances in gut bacteria might contribute to conditions like depression and anxiety."
"The Influence of AI on Modern Healthcare","Artificial Intelligence","AI is a powerful tool in modern healthcare, enabling early disease detection, personalized medicine, and improved patient care. As this technology advances, its impact on healthcare will only increase."
"The Benefits of Regular Exercise","Health","Regular exercise has numerous benefits, including weight management, improved cardiovascular health, strengthened bones and muscles, better mental health, and reduced risk of chronic diseases. It is essential for overall well-being."
"The Art of Sourdough Bread Making","Cooking","Making sourdough bread is an art, involving the nurturing of a 'starter', precise ingredient measurements, and careful baking techniques. The result is a delicious loaf with a distinctive, tangy flavor."
